<?xml version="1.0" encoding="UTF-8" standalone="yes"?>
<addon id="plugin.video.StreamTv" name="StreamTV Kodi" version="1.O.1" provider-name="StreamTV Media">
  <requires>
    <import addon="xbmc.python" version="2.1.0"/>
	<import addon="script.module.requests" />
  </requires>
  <extension point="xbmc.python.pluginsource"
            library="default.py">
        <provides>video</provides>
  </extension>
  <extension point="xbmc.addon.metadata">
    <summary lang="en">StreamTV Kodi</summary>
    <language>en</language>
    <description lang="en">Welcome to the Kodi Add-on for StreamTV, allowing you to access all your great StreamTV content including Live TV, Movies, Series and Catch-up TV</description>
     <platform>all</platform>
  </extension>
</addon>
